user000,"b'$argon2id$v=19$m=65536,t=2,p=1$fF52e52MXT6vKajedpPZ2g$XVvgD+ktDBz7MSiPRIQfX3fNEi/0kAuwjlAV5uRtNKk'"
user001,"b'$argon2id$v=19$m=65536,t=2,p=1$rMuRwsQFhZX3Qke00eF0Kg$wBciKXJ+rG9eeZWRGoKAJ76W4mKDAgAbkv1lXAgkiJo'"
user002,"b'$argon2id$v=19$m=65536,t=2,p=1$ro2fdHOVRjrpCUQXRnGtBg$ivRwJ4O+hRVh3sf0K26FcWv4M0htdo+ggzTi/Xdn8mQ'"
user003,"b'$argon2id$v=19$m=65536,t=2,p=1$NanQ/f61RSHZPSJ1G2fo7Q$1c2szOT0riqI0W1slDuoBMIL+iaKGqMVuZCHc6lEUTw'"
user004,"b'$argon2id$v=19$m=65536,t=2,p=1$z/1qJZqEloJ3Y060QnxL0Q$rk06j6rmn170D4xhUN4GNBUbBOPp2EjtLu4VJHoYDO4'"
user005,"b'$argon2id$v=19$m=65536,t=2,p=1$+aZ1LS4Y+2txDPMisGbyfw$0RvYFg7EA6vnvTLl1MStwHSE9ARsgxRjT+MXRn0Z4M8'"
user006,"b'$argon2id$v=19$m=65536,t=2,p=1$+IXwiESARUeizyTM59EPfg$DYP3+WUOy8GkUxbbJ/7sTe6e18slvAxIJHvuNo50m1U'"
user007,"b'$argon2id$v=19$m=65536,t=2,p=1$Iw+6g0PlxMKutiBpuhnbVA$i5f7UFjIm0br4BXYSsoot4gp5Qgh2GdUGoidyjR84Lc'"
user008,"b'$argon2id$v=19$m=65536,t=2,p=1$xI/8aoeZpP9kvncteCMKzw$HlOruV/kuYMuXe9eRq82eclDiNkgjoVuFF2CY++ivjg'"
user009,"b'$argon2id$v=19$m=65536,t=2,p=1$yl3vPnp0QLS6Xle3INXMKw$8sp85D7pujzhU1jfKsYQYzHb2hYzdyw7R/Z7lOoBMw8'"
